time,tool_processes,rss_sum_kib,rss_max_kib
2026-09-25T09:21:19+00:00,11,3179136,1260384
2026-09-25T09:21:21+00:00,10,3396452,1333260
2026-09-25T09:21:23+00:00,10,3729580,1421964
2026-09-25T09:21:25+00:00,9,3908724,1509240
2026-09-25T09:21:27+00:00,11,4379196,1596140
2026-09-25T09:21:29+00:00,10,4480688,1685684
2026-09-25T09:21:31+00:00,9,4676404,1772328
2026-09-25T09:21:33+00:00,8,5069360,1849528
2026-09-25T09:21:35+00:00,10,5509628,1962464
2026-09-25T09:21:37+00:00,8,5493896,2108864
2026-09-25T09:21:39+00:00,8,5777236,2270268
2026-09-25T09:21:41+00:00,8,5981876,2287740
2026-09-25T09:21:43+00:00,8,6209956,2401536
2026-09-25T09:21:45+00:00,8,4695024,2330136
2026-09-25T09:21:48+00:00,8,4262580,2421232
2026-09-25T09:21:50+00:00,8,5106756,2510360
2026-09-25T09:21:52+00:00,8,5347960,2600472
2026-09-25T09:21:54+00:00,8,5583012,2698776
2026-09-25T09:21:56+00:00,8,5839692,2781404
2026-09-25T09:21:58+00:00,8,6363704,2860568
2026-09-25T09:22:00+00:00,8,5504216,2695704
2026-09-25T09:22:02+00:00,6,3061024,1970444
2026-09-25T09:22:04+00:00,6,3136116,2036196
2026-09-25T09:22:06+00:00,6,3163824,2098372
2026-09-25T09:22:08+00:00,6,3284408,2158292
2026-09-25T09:22:10+00:00,6,3333876,2221252
2026-09-25T09:22:12+00:00,6,3599100,2284740
2026-09-25T09:22:14+00:00,6,3724376,2347968
2026-09-25T09:22:16+00:00,4,1430452,1344744
2026-09-25T09:22:18+00:00,4,1565920,1435820
2026-09-25T09:22:20+00:00,4,1732456,1528644
2026-09-25T09:22:22+00:00,4,1849496,1619592
2026-09-25T09:22:24+00:00,4,1827872,1714704
2026-09-25T09:22:26+00:00,5,1957932,1804608
2026-09-25T09:22:28+00:00,4,2100312,1884996
2026-09-25T09:22:30+00:00,4,2193600,1968640
2026-09-25T09:22:32+00:00,4,2169404,2052932
2026-09-25T09:22:34+00:00,4,2279252,2134852
2026-09-25T09:22:36+00:00,4,2325200,2216776
2026-09-25T09:22:38+00:00,4,2407596,2299572
2026-09-25T09:22:40+00:00,4,2496272,2388808
2026-09-25T09:22:42+00:00,4,2597196,2480440
2026-09-25T09:22:44+00:00,4,2711700,2570992
2026-09-25T09:22:46+00:00,4,2805628,2665288
2026-09-25T09:22:48+00:00,4,2899808,2763592
2026-09-25T09:22:50+00:00,4,3170992,2851656
2026-09-25T09:22:52+00:00,4,3380628,2931220
2026-09-25T09:22:54+00:00,4,3005264,2486112
2026-09-25T09:22:56+00:00,2,455720,450888
2026-09-25T09:22:58+00:00,2,481776,476944
2026-09-25T09:23:00+00:00,2,139884,135052
2026-09-25T09:23:02+00:00,2,154912,150080
2026-09-25T09:23:04+00:00,2,154756,149924
2026-09-25T09:23:06+00:00,2,185844,181012
2026-09-25T09:23:08+00:00,1,4972,4972
2026-09-25T09:23:10+00:00,2,202184,197308
2026-09-25T09:23:12+00:00,2,249564,244688
2026-09-25T09:23:14+00:00,2,359864,354988
2026-09-25T09:23:16+00:00,2,491908,487032
2026-09-25T09:23:18+00:00,2,692696,687820
2026-09-25T09:23:20+00:00,2,252888,248012
2026-09-25T09:23:22+00:00,2,634984,630108
2026-09-25T09:23:24+00:00,2,171888,167012
2026-09-25T09:23:26+00:00,2,208488,203612
2026-09-25T09:23:28+00:00,2,164832,159956
2026-09-25T09:23:30+00:00,2,208828,203952
2026-09-25T09:23:32+00:00,2,209080,204204
2026-09-25T09:23:34+00:00,2,267868,262992
2026-09-25T09:23:36+00:00,2,143908,139236
2026-09-25T09:23:38+00:00,2,124004,119332
2026-09-25T09:23:40+00:00,2,115408,110736
2026-09-25T09:23:42+00:00,2,139964,135292
2026-09-25T09:23:44+00:00,2,245768,240880
2026-09-25T09:23:46+00:00,2,162320,157432
2026-09-25T09:23:48+00:00,2,22872,17984
2026-09-25T09:23:50+00:00,2,152428,147540
2026-09-25T09:23:52+00:00,2,171268,166380
2026-09-25T09:23:54+00:00,2,149452,144564
2026-09-25T09:23:56+00:00,2,172476,167588
2026-09-25T09:23:58+00:00,2,120108,115496
2026-09-25T09:24:00+00:00,2,94152,89540
2026-09-25T09:24:02+00:00,2,125384,120772
2026-09-25T09:24:04+00:00,2,125820,121208
2026-09-25T09:24:06+00:00,2,254872,249988
2026-09-25T09:24:08+00:00,2,178380,173496
2026-09-25T09:24:10+00:00,2,130896,126012
2026-09-25T09:24:12+00:00,2,147808,142924
2026-09-25T09:24:14+00:00,2,135068,130184
2026-09-25T09:24:16+00:00,2,46672,42056
2026-09-25T09:24:18+00:00,2,132124,127484
2026-09-25T09:24:20+00:00,2,137544,132904
2026-09-25T09:24:22+00:00,2,123160,118520
2026-09-25T09:24:24+00:00,2,115788,111060
2026-09-25T09:24:26+00:00,2,138072,133344
2026-09-25T09:24:28+00:00,2,148908,144180
2026-09-25T09:24:30+00:00,2,130008,125280
2026-09-25T09:24:32+00:00,2,163804,159076
2026-09-25T09:24:34+00:00,2,131312,126584
2026-09-25T09:24:36+00:00,2,147528,142800
2026-09-25T09:24:38+00:00,2,164732,160004
2026-09-25T09:24:40+00:00,2,160248,155524
2026-09-25T09:24:42+00:00,2,291792,287068
2026-09-25T09:24:44+00:00,2,418852,414128
2026-09-25T09:24:46+00:00,2,343636,338912
2026-09-25T09:24:48+00:00,2,148588,143864
2026-09-25T09:24:50+00:00,2,132896,128172
2026-09-25T09:24:52+00:00,2,154904,150180
2026-09-25T09:24:54+00:00,2,8680,4844
2026-09-25T09:24:56+00:00,2,180856,176012
2026-09-25T09:24:58+00:00,2,311580,306736
2026-09-25T09:25:00+00:00,2,433284,428440
2026-09-25T09:25:02+00:00,2,362180,357336
2026-09-25T09:25:04+00:00,2,164092,159248
2026-09-25T09:25:06+00:00,2,137224,132380
2026-09-25T09:25:08+00:00,2,171036,166192
2026-09-25T09:25:10+00:00,2,171472,166628
2026-09-25T09:25:12+00:00,2,123196,118564
2026-09-25T09:25:14+00:00,2,110416,105784
2026-09-25T09:25:16+00:00,2,152740,148108
2026-09-25T09:25:18+00:00,2,131244,126612
2026-09-25T09:25:20+00:00,3,79132,74388
2026-09-25T09:25:22+00:00,2,135660,130900
2026-09-25T09:25:24+00:00,2,157860,153100
2026-09-25T09:25:26+00:00,2,135096,130272
2026-09-25T09:25:28+00:00,2,162232,157408
2026-09-25T09:25:30+00:00,2,172932,168108
2026-09-25T09:25:32+00:00,2,145892,141068
2026-09-25T09:25:34+00:00,2,172036,167212
2026-09-25T09:25:36+00:00,2,154124,149412
2026-09-25T09:25:38+00:00,2,220748,216024
2026-09-25T09:25:40+00:00,2,384348,379624
2026-09-25T09:25:42+00:00,2,457908,453184
2026-09-25T09:25:44+00:00,2,621768,617044
2026-09-25T09:25:46+00:00,2,698328,693604
2026-09-25T09:25:48+00:00,2,895772,891048
2026-09-25T09:25:50+00:00,2,971140,966416
2026-09-25T09:25:52+00:00,2,1045496,1040772
2026-09-25T09:25:54+00:00,2,1346800,1342076
2026-09-25T09:25:56+00:00,2,1404896,1400172
2026-09-25T09:25:58+00:00,2,1421768,1417044
2026-09-25T09:26:00+00:00,2,404692,399968
2026-09-25T09:26:02+00:00,2,834968,830244
2026-09-25T09:26:04+00:00,2,1302356,1297632
2026-09-25T09:26:06+00:00,2,1232936,1228212
2026-09-25T09:26:08+00:00,2,1189112,1184388
2026-09-25T09:26:10+00:00,2,256016,251292
2026-09-25T09:26:12+00:00,2,261836,257112
2026-09-25T09:26:14+00:00,2,152860,148136
2026-09-25T09:26:16+00:00,2,255736,251012
2026-09-25T09:26:18+00:00,2,261804,257080
2026-09-25T09:26:20+00:00,2,294076,289352
2026-09-25T09:26:22+00:00,2,354688,349964
2026-09-25T09:26:24+00:00,2,414520,409796
2026-09-25T09:26:26+00:00,2,547520,542796
2026-09-25T09:26:28+00:00,2,278912,274016
2026-09-25T09:26:30+00:00,2,314264,309360
2026-09-25T09:26:32+00:00,2,402232,397328
2026-09-25T09:26:34+00:00,2,410788,405884
2026-09-25T09:26:36+00:00,2,562024,557120
2026-09-25T09:26:38+00:00,2,664392,659488
2026-09-25T09:26:40+00:00,2,739256,734352
2026-09-25T09:26:42+00:00,2,937312,932408
2026-09-25T09:26:44+00:00,2,1012316,1007412
2026-09-25T09:26:46+00:00,2,1064704,1059800
2026-09-25T09:26:48+00:00,2,1367876,1362972
2026-09-25T09:26:50+00:00,2,1441384,1436480
2026-09-25T09:26:52+00:00,2,1446160,1441256
2026-09-25T09:26:54+00:00,2,472168,467264
2026-09-25T09:26:56+00:00,2,895468,890564
2026-09-25T09:26:58+00:00,2,1322132,1317228
2026-09-25T09:27:00+00:00,2,1221748,1216844
2026-09-25T09:27:02+00:00,2,168780,163876
2026-09-25T09:27:04+00:00,2,286304,281400
2026-09-25T09:27:06+00:00,2,296952,292048
2026-09-25T09:27:08+00:00,2,307228,302324
2026-09-25T09:27:10+00:00,2,271704,266800
2026-09-25T09:27:12+00:00,2,289724,284820
2026-09-25T09:27:14+00:00,2,303072,298168
2026-09-25T09:27:16+00:00,2,316256,311352
2026-09-25T09:27:18+00:00,2,375456,370552
2026-09-25T09:27:20+00:00,2,456188,451284
2026-09-25T09:27:22+00:00,2,602948,598044
2026-09-25T09:27:24+00:00,4,259004,183972
2026-09-25T09:27:26+00:00,4,415640,216828
2026-09-25T09:27:28+00:00,4,368592,220128
2026-09-25T09:27:30+00:00,4,310592,179552
2026-09-25T09:27:32+00:00,4,269740,138820
2026-09-25T09:27:34+00:00,4,314948,179440
2026-09-25T09:27:36+00:00,4,319416,159600
2026-09-25T09:27:38+00:00,4,933744,686272
2026-09-25T09:27:40+00:00,4,462816,245668
2026-09-25T09:27:42+00:00,4,373592,218308
2026-09-25T09:27:44+00:00,4,396620,227020
2026-09-25T09:27:46+00:00,4,386356,228816
2026-09-25T09:27:48+00:00,4,399992,230952
2026-09-25T09:27:50+00:00,4,209772,109256
2026-09-25T09:27:52+00:00,4,282808,167508
2026-09-25T09:27:54+00:00,4,323660,208472
2026-09-25T09:27:56+00:00,4,339252,215688
2026-09-25T09:27:58+00:00,4,368456,221584
2026-09-25T09:28:00+00:00,4,325264,168484
2026-09-25T09:28:03+00:00,4,324248,185576
2026-09-25T09:28:05+00:00,4,376892,210600
2026-09-25T09:28:07+00:00,4,393168,221548
2026-09-25T09:28:09+00:00,4,370656,221616
2026-09-25T09:28:11+00:00,2,166436,161780
2026-09-25T09:28:13+00:00,2,292072,287336
2026-09-25T09:28:15+00:00,2,514432,509688
2026-09-25T09:28:17+00:00,2,397252,392508
2026-09-25T09:28:19+00:00,2,514932,510188
2026-09-25T09:28:21+00:00,2,558728,553984
2026-09-25T09:28:23+00:00,2,673268,668524
2026-09-25T09:28:25+00:00,2,791560,786816
2026-09-25T09:28:27+00:00,2,989072,984328
2026-09-25T09:28:29+00:00,2,1055116,1050372
2026-09-25T09:28:31+00:00,2,1121524,1116780
2026-09-25T09:28:33+00:00,2,1699308,1694564
2026-09-25T09:28:35+00:00,2,1497140,1492396
2026-09-25T09:28:37+00:00,2,1552328,1547584
2026-09-25T09:28:39+00:00,2,1604084,1599340
2026-09-25T09:28:41+00:00,2,1654608,1649864
2026-09-25T09:28:43+00:00,2,1705292,1700548
2026-09-25T09:28:45+00:00,2,1757628,1752884
2026-09-25T09:28:47+00:00,2,1809140,1804396
2026-09-25T09:28:49+00:00,2,2359976,2355232
2026-09-25T09:28:51+00:00,2,2424876,2420132
2026-09-25T09:28:53+00:00,2,2502168,2497424
2026-09-25T09:28:55+00:00,2,2577864,2573120
2026-09-25T09:28:57+00:00,2,2651088,2646344
2026-09-25T09:28:59+00:00,2,2723968,2719224
2026-09-25T09:29:01+00:00,2,2794700,2789956
2026-09-25T09:29:03+00:00,2,2840196,2835452
2026-09-25T09:29:05+00:00,2,2840196,2835452
2026-09-25T09:29:07+00:00,2,2840196,2835452
2026-09-25T09:29:09+00:00,2,374792,370048
2026-09-25T09:29:11+00:00,2,800948,796204
2026-09-25T09:29:13+00:00,2,1310016,1305272
2026-09-25T09:29:15+00:00,2,1630080,1625336
2026-09-25T09:29:17+00:00,2,2317532,2312788
2026-09-25T09:29:19+00:00,2,2662672,2657928
2026-09-25T09:29:21+00:00,2,2985328,2980584
2026-09-25T09:29:23+00:00,2,2534932,2530188
2026-09-25T09:29:25+00:00,2,2534932,2530188
2026-09-25T09:29:27+00:00,2,2534932,2530188
2026-09-25T09:29:29+00:00,2,340412,335668
2026-09-25T09:29:31+00:00,2,362680,357936
2026-09-25T09:29:33+00:00,2,363960,359216
2026-09-25T09:29:35+00:00,2,448400,443656
2026-09-25T09:29:37+00:00,2,340672,335928
2026-09-25T09:29:39+00:00,2,359436,354692
2026-09-25T09:29:41+00:00,2,361040,356296
2026-09-25T09:29:43+00:00,2,362440,357696
2026-09-25T09:29:45+00:00,2,405016,400272
2026-09-25T09:29:47+00:00,2,458860,454116
2026-09-25T09:29:49+00:00,2,508648,503904
2026-09-25T09:29:51+00:00,2,550828,546084
2026-09-25T09:29:53+00:00,2,586036,581292
2026-09-25T09:29:55+00:00,2,621016,616272
2026-09-25T09:29:57+00:00,2,653768,649024
2026-09-25T09:29:59+00:00,2,694172,689428
2026-09-25T09:30:01+00:00,2,755620,750876
2026-09-25T09:30:03+00:00,2,817604,812860
2026-09-25T09:30:05+00:00,1,4948,4948
2026-09-25T09:30:07+00:00,2,372912,368008
2026-09-25T09:30:09+00:00,2,291444,286540
2026-09-25T09:30:11+00:00,2,529020,524116
2026-09-25T09:30:13+00:00,2,573980,569076
2026-09-25T09:30:15+00:00,2,695600,690696
2026-09-25T09:30:17+00:00,2,825648,820744
2026-09-25T09:30:19+00:00,2,1015284,1010380
2026-09-25T09:30:21+00:00,2,1084412,1079508
2026-09-25T09:30:23+00:00,2,1150340,1145436
2026-09-25T09:30:25+00:00,2,1459620,1454716
2026-09-25T09:30:27+00:00,2,1518140,1513236
2026-09-25T09:30:29+00:00,2,1573152,1568248
2026-09-25T09:30:31+00:00,2,1627092,1622188
2026-09-25T09:30:33+00:00,2,1676604,1671700
2026-09-25T09:30:35+00:00,2,1725168,1720264
2026-09-25T09:30:37+00:00,2,1776916,1772012
2026-09-25T09:30:39+00:00,2,1827864,1822960
2026-09-25T09:30:41+00:00,2,2379260,2374356
2026-09-25T09:30:43+00:00,2,2444664,2439760
2026-09-25T09:30:45+00:00,2,2521696,2516792
2026-09-25T09:30:47+00:00,2,2597648,2592744
2026-09-25T09:30:49+00:00,2,2671912,2667008
2026-09-25T09:30:51+00:00,2,2744432,2739528
2026-09-25T09:30:53+00:00,2,2816328,2811424
2026-09-25T09:30:55+00:00,2,2858164,2853260
2026-09-25T09:30:57+00:00,2,2858164,2853260
2026-09-25T09:30:59+00:00,2,2858164,2853260
2026-09-25T09:31:01+00:00,2,391016,386112
2026-09-25T09:31:03+00:00,2,815820,810916
2026-09-25T09:31:05+00:00,2,1329272,1324368
2026-09-25T09:31:07+00:00,2,1637156,1632252
2026-09-25T09:31:09+00:00,2,2335140,2330236
2026-09-25T09:31:11+00:00,2,2683792,2678888
2026-09-25T09:31:13+00:00,2,3009280,3004376
2026-09-25T09:31:15+00:00,2,2572860,2567956
2026-09-25T09:31:17+00:00,2,2572860,2567956
2026-09-25T09:31:19+00:00,2,2572860,2567956
2026-09-25T09:31:21+00:00,2,370284,365380
2026-09-25T09:31:23+00:00,2,405352,400448
2026-09-25T09:31:25+00:00,2,414232,409328
2026-09-25T09:31:27+00:00,2,414232,409328
2026-09-25T09:31:29+00:00,2,313356,308452
2026-09-25T09:31:31+00:00,2,385088,380184
2026-09-25T09:31:33+00:00,2,414072,409168
2026-09-25T09:31:35+00:00,2,414648,409744
2026-09-25T09:31:37+00:00,2,414648,409744
2026-09-25T09:31:39+00:00,2,446884,441980
2026-09-25T09:31:41+00:00,2,497972,493068
2026-09-25T09:31:43+00:00,2,546628,541724
2026-09-25T09:31:45+00:00,2,585132,580228
2026-09-25T09:31:47+00:00,2,622020,617116
2026-09-25T09:31:49+00:00,2,654596,649692
2026-09-25T09:31:51+00:00,2,687120,682216
2026-09-25T09:31:53+00:00,2,724492,719588
2026-09-25T09:31:55+00:00,2,786708,781804
2026-09-25T09:31:57+00:00,2,842256,837352
2026-09-25T09:31:59+00:00,2,893892,888988
2026-09-25T09:32:01+00:00,2,150208,145428
2026-09-25T09:32:03+00:00,2,280544,275764
2026-09-25T09:32:05+00:00,2,238504,233724
2026-09-25T09:32:07+00:00,2,130932,126088
2026-09-25T09:32:09+00:00,2,119268,114424
2026-09-25T09:32:11+00:00,2,144384,139540
2026-09-25T09:32:13+00:00,2,191984,187284
2026-09-25T09:32:15+00:00,1,4728,4728
2026-09-25T09:32:17+00:00,2,344844,340104
2026-09-25T09:32:19+00:00,2,350944,346204
2026-09-25T09:32:21+00:00,2,355576,350836
2026-09-25T09:32:23+00:00,2,355576,350836
2026-09-25T09:32:25+00:00,2,355576,350836
2026-09-25T09:32:27+00:00,2,355576,350836
2026-09-25T09:32:29+00:00,2,355576,350836
2026-09-25T09:32:31+00:00,2,355576,350836
2026-09-25T09:32:33+00:00,2,355576,350836
2026-09-25T09:32:35+00:00,2,220760,216020
2026-09-25T09:32:37+00:00,2,384236,379496
2026-09-25T09:32:39+00:00,2,231908,227168
2026-09-25T09:32:41+00:00,2,246244,241504
2026-09-25T09:32:43+00:00,2,130936,126196
2026-09-25T09:32:45+00:00,2,245808,241068
2026-09-25T09:32:47+00:00,2,253720,248980
2026-09-25T09:32:49+00:00,2,358216,353476
2026-09-25T09:32:51+00:00,2,459568,454828
2026-09-25T09:32:53+00:00,1,4880,4880
2026-09-25T09:32:55+00:00,2,165040,160260
2026-09-25T09:32:57+00:00,2,423564,418784
2026-09-25T09:32:59+00:00,2,423564,418784
2026-09-25T09:33:01+00:00,2,423564,418784
2026-09-25T09:33:03+00:00,2,423564,418784
2026-09-25T09:33:05+00:00,2,423564,418784
2026-09-25T09:33:07+00:00,2,423564,418784
2026-09-25T09:33:09+00:00,2,423564,418784
2026-09-25T09:33:11+00:00,2,423564,418784
2026-09-25T09:33:13+00:00,2,423564,418784
2026-09-25T09:33:15+00:00,2,423564,418784
2026-09-25T09:33:17+00:00,2,423564,418784
2026-09-25T09:33:19+00:00,2,423564,418784
2026-09-25T09:33:21+00:00,2,203504,198724
2026-09-25T09:33:23+00:00,2,387444,382664
2026-09-25T09:33:25+00:00,2,571064,566284
2026-09-25T09:33:27+00:00,2,296172,291328
2026-09-25T09:33:29+00:00,2,308972,304128
2026-09-25T09:33:31+00:00,2,384276,379432
2026-09-25T09:33:33+00:00,2,458884,454040
2026-09-25T09:33:35+00:00,2,533372,528528
2026-09-25T09:33:37+00:00,2,608212,603368
2026-09-25T09:33:39+00:00,2,683596,678752
2026-09-25T09:33:41+00:00,1,4936,4936
2026-09-25T09:33:43+00:00,2,294036,289092
2026-09-25T09:33:45+00:00,2,507720,502776
2026-09-25T09:33:47+00:00,2,507720,502776
2026-09-25T09:33:49+00:00,2,507720,502776
2026-09-25T09:33:51+00:00,2,507720,502776
2026-09-25T09:33:53+00:00,2,507720,502776
2026-09-25T09:33:55+00:00,2,507720,502776
2026-09-25T09:33:57+00:00,2,507720,502776
2026-09-25T09:33:59+00:00,2,507720,502776
2026-09-25T09:34:01+00:00,2,507720,502776
2026-09-25T09:34:03+00:00,2,507720,502776
2026-09-25T09:34:05+00:00,2,507720,502776
2026-09-25T09:34:07+00:00,2,507720,502776
2026-09-25T09:34:09+00:00,2,64248,59304
2026-09-25T09:34:11+00:00,2,248276,243332
2026-09-25T09:34:13+00:00,2,430836,425892
2026-09-25T09:34:15+00:00,2,613460,608516
2026-09-25T09:34:17+00:00,2,177868,172924
2026-09-25T09:34:19+00:00,2,330896,325952
2026-09-25T09:34:21+00:00,2,324772,319828
2026-09-25T09:34:23+00:00,2,396064,391120
2026-09-25T09:34:25+00:00,2,504688,499744
2026-09-25T09:34:27+00:00,2,618776,613832
2026-09-25T09:34:29+00:00,2,734032,729088
2026-09-25T09:34:31+00:00,2,847692,842748
2026-09-25T09:34:33+00:00,2,332736,327920
2026-09-25T09:34:35+00:00,2,457980,453152
2026-09-25T09:34:38+00:00,2,468048,463220
2026-09-25T09:34:40+00:00,2,548884,544056
2026-09-25T09:34:42+00:00,2,714580,709752
2026-09-25T09:34:44+00:00,2,780676,775848
2026-09-25T09:34:46+00:00,2,971996,967168
2026-09-25T09:34:48+00:00,2,1038680,1033852
2026-09-25T09:34:50+00:00,2,1101084,1096256
2026-09-25T09:34:52+00:00,2,1409152,1404324
2026-09-25T09:34:54+00:00,2,1468384,1463556
2026-09-25T09:34:56+00:00,2,1531540,1526712
2026-09-25T09:34:58+00:00,2,1595336,1590508
2026-09-25T09:35:00+00:00,2,1651684,1646856
2026-09-25T09:35:02+00:00,2,1706560,1701732
2026-09-25T09:35:04+00:00,2,1760252,1755424
2026-09-25T09:35:06+00:00,2,2318428,2313600
2026-09-25T09:35:08+00:00,2,2385400,2380572
2026-09-25T09:35:10+00:00,2,2442224,2437396
2026-09-25T09:35:12+00:00,2,2495620,2490792
2026-09-25T09:35:14+00:00,2,2548376,2543548
2026-09-25T09:35:16+00:00,2,2600552,2595724
2026-09-25T09:35:18+00:00,2,2646528,2641700
2026-09-25T09:35:20+00:00,2,2646528,2641700
2026-09-25T09:35:22+00:00,2,2646528,2641700
2026-09-25T09:35:24+00:00,2,460680,455852
2026-09-25T09:35:26+00:00,2,868356,863528
2026-09-25T09:35:28+00:00,2,1370412,1365584
2026-09-25T09:35:30+00:00,2,1665628,1660800
2026-09-25T09:35:32+00:00,2,2341116,2336288
2026-09-25T09:35:34+00:00,2,2637108,2632280
2026-09-25T09:35:36+00:00,2,2413728,2408900
2026-09-25T09:35:38+00:00,2,2352884,2348056
2026-09-25T09:35:40+00:00,2,2352884,2348056
2026-09-25T09:35:42+00:00,2,301312,296484
2026-09-25T09:35:44+00:00,2,317164,312336
2026-09-25T09:35:46+00:00,2,320080,315252
2026-09-25T09:35:48+00:00,2,301332,296504
2026-09-25T09:35:50+00:00,2,309116,304288
2026-09-25T09:35:52+00:00,2,319440,314612
2026-09-25T09:35:54+00:00,2,346100,341272
2026-09-25T09:35:56+00:00,2,400084,395256
2026-09-25T09:35:58+00:00,2,454892,450064
2026-09-25T09:36:00+00:00,2,501272,496444
2026-09-25T09:36:02+00:00,2,552060,547232
2026-09-25T09:36:04+00:00,2,600036,595208
2026-09-25T09:36:06+00:00,2,646720,641892
2026-09-25T09:36:08+00:00,2,693832,689004
2026-09-25T09:36:10+00:00,2,746532,741704
2026-09-25T09:36:12+00:00,2,796952,792124
2026-09-25T09:36:14+00:00,2,457468,452724
2026-09-25T09:36:16+00:00,2,374824,370076
2026-09-25T09:36:18+00:00,2,534648,529900
2026-09-25T09:36:20+00:00,2,650112,645364
2026-09-25T09:36:22+00:00,2,780272,775524
2026-09-25T09:36:24+00:00,2,969132,964384
2026-09-25T09:36:26+00:00,2,1035896,1031148
2026-09-25T09:36:28+00:00,2,1095148,1090400
2026-09-25T09:36:30+00:00,2,1674904,1670156
2026-09-25T09:36:32+00:00,2,1469936,1465188
2026-09-25T09:36:34+00:00,2,1534556,1529808
2026-09-25T09:36:36+00:00,2,1600504,1595756
2026-09-25T09:36:38+00:00,2,1665120,1660372
2026-09-25T09:36:40+00:00,2,1728368,1723620
2026-09-25T09:36:42+00:00,2,1772804,1768056
2026-09-25T09:36:44+00:00,2,2854552,2849804
2026-09-25T09:36:46+00:00,2,2385040,2380292
2026-09-25T09:36:48+00:00,2,2447980,2443232
2026-09-25T09:36:50+00:00,2,2495336,2490588
2026-09-25T09:36:52+00:00,2,2549328,2544580
2026-09-25T09:36:54+00:00,2,2601312,2596564
2026-09-25T09:36:56+00:00,2,2653264,2648516
2026-09-25T09:36:58+00:00,2,2664536,2659788
2026-09-25T09:37:00+00:00,2,2664536,2659788
2026-09-25T09:37:02+00:00,2,377668,372920
2026-09-25T09:37:04+00:00,2,803180,798432
2026-09-25T09:37:06+00:00,2,1302592,1297844
2026-09-25T09:37:08+00:00,2,1613072,1608324
2026-09-25T09:37:10+00:00,2,2861888,2857140
2026-09-25T09:37:12+00:00,2,2599284,2594536
2026-09-25T09:37:14+00:00,2,2876584,2871836
2026-09-25T09:37:16+00:00,2,2391688,2386940
2026-09-25T09:37:18+00:00,2,2391688,2386940
2026-09-25T09:37:20+00:00,2,333348,328536
2026-09-25T09:37:22+00:00,2,365880,361068
2026-09-25T09:37:24+00:00,2,417596,412784
2026-09-25T09:37:26+00:00,2,463104,458292
2026-09-25T09:37:28+00:00,2,539384,534572
2026-09-25T09:37:30+00:00,2,335220,330408
2026-09-25T09:37:32+00:00,2,377936,373124
2026-09-25T09:37:34+00:00,2,428028,423216
2026-09-25T09:37:36+00:00,2,462248,457436
2026-09-25T09:37:38+00:00,2,462388,457576
2026-09-25T09:37:40+00:00,2,488124,483312
2026-09-25T09:37:42+00:00,2,534904,530092
2026-09-25T09:37:44+00:00,2,586000,581188
2026-09-25T09:37:46+00:00,2,636960,632148
2026-09-25T09:37:48+00:00,2,687848,683036
2026-09-25T09:37:50+00:00,2,730856,726044
2026-09-25T09:37:52+00:00,2,780008,775196
2026-09-25T09:37:54+00:00,2,833256,828444
2026-09-25T09:37:56+00:00,2,884456,879644
2026-09-25T09:37:58+00:00,2,374960,370044
2026-09-25T09:38:00+00:00,2,317240,312324
2026-09-25T09:38:02+00:00,2,580512,575596
2026-09-25T09:38:04+00:00,2,683448,678532
2026-09-25T09:38:06+00:00,2,749572,744656
2026-09-25T09:38:08+00:00,2,938624,933708
2026-09-25T09:38:10+00:00,2,1005472,1000556
2026-09-25T09:38:12+00:00,2,1072836,1067920
2026-09-25T09:38:14+00:00,2,1393548,1388632
2026-09-25T09:38:16+00:00,2,1462732,1457816
2026-09-25T09:38:18+00:00,2,1536024,1531108
2026-09-25T09:38:20+00:00,2,1606628,1601712
2026-09-25T09:38:22+00:00,2,1676484,1671568
2026-09-25T09:38:24+00:00,2,2227116,2222200
2026-09-25T09:38:26+00:00,2,2310436,2305520
2026-09-25T09:38:28+00:00,2,2382912,2377996
2026-09-25T09:38:30+00:00,2,2456788,2451872
2026-09-25T09:38:32+00:00,2,2510912,2505996
2026-09-25T09:38:34+00:00,2,2510912,2505996
2026-09-25T09:38:36+00:00,2,161664,156748
2026-09-25T09:38:38+00:00,2,644044,639128
2026-09-25T09:38:40+00:00,2,1461372,1456456
2026-09-25T09:38:42+00:00,2,1478296,1473380
2026-09-25T09:38:44+00:00,2,1792724,1787808
2026-09-25T09:38:46+00:00,2,2503428,2498512
2026-09-25T09:38:48+00:00,2,2242252,2237336
2026-09-25T09:38:50+00:00,2,2242252,2237336
2026-09-25T09:38:52+00:00,2,107356,102440
2026-09-25T09:38:54+00:00,2,289624,284708
2026-09-25T09:38:56+00:00,2,333476,328560
2026-09-25T09:38:58+00:00,2,281288,276372
2026-09-25T09:39:00+00:00,2,302164,297248
2026-09-25T09:39:02+00:00,2,346820,341904
2026-09-25T09:39:04+00:00,2,411852,406936
2026-09-25T09:39:06+00:00,2,474476,469560
2026-09-25T09:39:08+00:00,2,536104,531188
2026-09-25T09:39:10+00:00,2,599244,594328
2026-09-25T09:39:12+00:00,2,661532,656616
2026-09-25T09:39:14+00:00,2,724208,719292
2026-09-25T09:39:16+00:00,2,419316,414588
2026-09-25T09:39:18+00:00,2,430064,425332
2026-09-25T09:39:20+00:00,2,502340,497608
2026-09-25T09:39:22+00:00,2,604716,599984
2026-09-25T09:39:24+00:00,2,733260,728528
2026-09-25T09:39:26+00:00,2,922304,917572
2026-09-25T09:39:28+00:00,2,994124,989392
2026-09-25T09:39:30+00:00,2,1061400,1056668
2026-09-25T09:39:32+00:00,2,1380524,1375792
2026-09-25T09:39:34+00:00,2,1449816,1445084
2026-09-25T09:39:36+00:00,2,1522644,1517912
2026-09-25T09:39:38+00:00,2,1593920,1589188
2026-09-25T09:39:40+00:00,2,1663696,1658964
2026-09-25T09:39:42+00:00,2,1735748,1731016
2026-09-25T09:39:44+00:00,2,2296392,2291660
2026-09-25T09:39:46+00:00,2,2367676,2362944
2026-09-25T09:39:48+00:00,2,2439916,2435184
2026-09-25T09:39:50+00:00,2,2510608,2505876
2026-09-25T09:39:52+00:00,2,2522520,2517788
2026-09-25T09:39:54+00:00,2,2522520,2517788
2026-09-25T09:39:56+00:00,2,427348,422616
2026-09-25T09:39:58+00:00,2,837048,832316
2026-09-25T09:40:00+00:00,2,1353732,1349000
2026-09-25T09:40:02+00:00,2,1674024,1669292
2026-09-25T09:40:04+00:00,2,2371956,2367224
2026-09-25T09:40:06+00:00,2,2700212,2695480
2026-09-25T09:40:08+00:00,2,2259164,2254432
2026-09-25T09:40:10+00:00,2,2259164,2254432
2026-09-25T09:40:12+00:00,2,295680,290948
2026-09-25T09:40:14+00:00,2,339984,335252
2026-09-25T09:40:16+00:00,2,205108,200376
2026-09-25T09:40:18+00:00,2,305740,301008
2026-09-25T09:40:20+00:00,2,340812,336080
2026-09-25T09:40:22+00:00,2,372344,367612
2026-09-25T09:40:24+00:00,2,437268,432536
2026-09-25T09:40:26+00:00,2,502160,497428
2026-09-25T09:40:28+00:00,2,563204,558472
2026-09-25T09:40:30+00:00,2,625892,621160
2026-09-25T09:40:32+00:00,2,688400,683668
2026-09-25T09:40:34+00:00,2,750744,746012
2026-09-25T09:40:36+00:00,4,275232,173520
2026-09-25T09:40:38+00:00,2,282100,277372
2026-09-25T09:40:40+00:00,4,661004,504180
2026-09-25T09:40:42+00:00,4,675132,506344
2026-09-25T09:40:44+00:00,4,797952,705472
2026-09-25T09:40:46+00:00,4,927764,768516
2026-09-25T09:40:48+00:00,4,514124,344620
2026-09-25T09:40:50+00:00,4,909536,755600
2026-09-25T09:40:52+00:00,4,318560,159092
2026-09-25T09:40:54+00:00,3,178404,169000
2026-09-25T09:40:56+00:00,4,352392,187548
2026-09-25T09:40:58+00:00,4,382456,203708
2026-09-25T09:41:00+00:00,4,449872,231532
2026-09-25T09:41:02+00:00,4,277156,226452
2026-09-25T09:41:04+00:00,4,382508,210024
2026-09-25T09:41:06+00:00,4,495916,285080
2026-09-25T09:41:08+00:00,4,726316,510544
2026-09-25T09:41:10+00:00,4,722948,516968
2026-09-25T09:41:13+00:00,4,925420,715176
2026-09-25T09:41:15+00:00,4,990636,775136
2026-09-25T09:41:17+00:00,4,552940,356644
2026-09-25T09:41:19+00:00,4,1105868,769092
2026-09-25T09:41:21+00:00,4,828652,659420
2026-09-25T09:41:23+00:00,4,894680,680436
2026-09-25T09:41:25+00:00,4,850788,682900
2026-09-25T09:41:27+00:00,4,274784,193468
2026-09-25T09:41:29+00:00,4,473032,247828
2026-09-25T09:41:31+00:00,4,679900,416204
2026-09-25T09:41:33+00:00,2,584296,579632
2026-09-25T09:41:35+00:00,4,889040,729184
2026-09-25T09:41:37+00:00,4,1008032,873228
2026-09-25T09:41:39+00:00,4,1176164,1011676
2026-09-25T09:41:41+00:00,4,687448,553096
2026-09-25T09:41:43+00:00,4,756544,592876
2026-09-25T09:41:45+00:00,4,949728,667620
2026-09-25T09:41:47+00:00,4,855488,685740
2026-09-25T09:41:49+00:00,4,862832,680500
2026-09-25T09:41:51+00:00,4,836088,681884
2026-09-25T09:41:53+00:00,4,902896,709356
2026-09-25T09:41:55+00:00,4,852432,709356
2026-09-25T09:41:57+00:00,4,914592,733648
2026-09-25T09:41:59+00:00,4,864832,671068
2026-09-25T09:42:01+00:00,4,856208,676752
2026-09-25T09:42:03+00:00,4,919120,680820
2026-09-25T09:42:05+00:00,4,862464,697412
2026-09-25T09:42:07+00:00,4,910668,709700
2026-09-25T09:42:09+00:00,4,875092,709700
2026-09-25T09:42:11+00:00,4,975988,774164
2026-09-25T09:42:13+00:00,5,1364028,847716
2026-09-25T09:42:15+00:00,4,1141776,919292
2026-09-25T09:42:17+00:00,9,735792,221948
2026-09-25T09:42:19+00:00,9,1603672,260916
2026-09-25T09:42:21+00:00,9,1131852,337536
2026-09-25T09:42:23+00:00,9,1606324,371432
2026-09-25T09:42:25+00:00,5,1370104,422096
2026-09-25T09:42:27+00:00,3,620752,400068
2026-09-25T09:42:29+00:00,2,175036,170300
2026-09-25T09:42:31+00:00,2,220196,215460
2026-09-25T09:42:33+00:00,0,0,0
2026-09-25T09:42:35+00:00,1,251240,251240
2026-09-25T09:42:37+00:00,1,395308,395308
2026-09-25T09:42:39+00:00,1,446144,446144
